id	address	rom_id	target_kind	target_id	gap_kind	evidence	priority	status
source_gap:function_candidate:rom:1994-09---5--10--1----uadra-660av---840a:6973886C:2097152:40944A20	40944A20	rom:1994-09---5--10--1----uadra-660av---840a:6973886C:2097152	function_candidate	function_candidate:rom:1994-09---5--10--1----uadra-660av---840a:6973886C:2097152:40944A20	unmapped_function_candidate	218 calls; 218 references; no confirmed SuperMario source overlay	high	needs_source_correlation
source_gap:function_candidate:rom:1994-09---5--10--1----uadra-660av---840a:6973886C:2097152:40990DF8	40990DF8	rom:1994-09---5--10--1----uadra-660av---840a:6973886C:2097152	function_candidate	function_candidate:rom:1994-09---5--10--1----uadra-660av---840a:6973886C:2097152:40990DF8	unmapped_function_candidate	142 calls; 142 references; no confirmed SuperMario source overlay	high	needs_source_correlation
source_gap:function_candidate:rom:1994-09---5--10--1----uadra-660av---840a:6973886C:2097152:409F643E	409F643E	rom:1994-09---5--10--1----uadra-660av---840a:6973886C:2097152	function_candidate	function_candidate:rom:1994-09---5--10--1----uadra-660av---840a:6973886C:2097152:409F643E	unmapped_function_candidate	123 calls; 123 references; no confirmed SuperMario source overlay	high	needs_source_correlation
source_gap:function_candidate:rom:1995-08---4-27039-----owerbook-190---190:-638E37DD:2097152:409F643E	409F643E	rom:1995-08---4-27039-----owerbook-190---190:-638E37DD:2097152	function_candidate	function_candidate:rom:1995-08---4-27039-----owerbook-190---190:-638E37DD:2097152:409F643E	unmapped_function_candidate	123 calls; 123 references; no confirmed SuperMario source overlay	high	needs_source_correlation
source_gap:function_candidate:rom:1994-09---5--10--1----uadra-660av---840a:6973886C:2097152:409FEE7C	409FEE7C	rom:1994-09---5--10--1----uadra-660av---840a:6973886C:2097152	function_candidate	function_candidate:rom:1994-09---5--10--1----uadra-660av---840a:6973886C:2097152:409FEE7C	unmapped_function_candidate	123 calls; 123 references; no confirmed SuperMario source overlay	high	needs_source_correlation
source_gap:function_candidate:rom:1994-09---5--10--1----uadra-660av---840a:6973886C:2097152:40961B50	40961B50	rom:1994-09---5--10--1----uadra-660av---840a:6973886C:2097152	function_candidate	function_candidate:rom:1994-09---5--10--1----uadra-660av---840a:6973886C:2097152:40961B50	unmapped_function_candidate	102 calls; 102 references; no confirmed SuperMario source overlay	high	needs_source_correlation
source_gap:function_candidate:rom:1994-09---5--10--1----uadra-660av---840a:6973886C:2097152:409E65F6	409E65F6	rom:1994-09---5--10--1----uadra-660av---840a:6973886C:2097152	function_candidate	function_candidate:rom:1994-09---5--10--1----uadra-660av---840a:6973886C:2097152:409E65F6	unmapped_function_candidate	101 calls; 101 references; no confirmed SuperMario source overlay	high	needs_source_correlation
source_gap:function_candidate:rom:1994-09---5--10--1----uadra-660av---840a:6973886C:2097152:409F2CF0	409F2CF0	rom:1994-09---5--10--1----uadra-660av---840a:6973886C:2097152	function_candidate	function_candidate:rom:1994-09---5--10--1----uadra-660av---840a:6973886C:2097152:409F2CF0	unmapped_function_candidate	101 calls; 101 references; no confirmed SuperMario source overlay	high	needs_source_correlation
source_gap:function_candidate:rom:1995-08---4-27039-----owerbook-190---190:-638E37DD:2097152:409F2CF0	409F2CF0	rom:1995-08---4-27039-----owerbook-190---190:-638E37DD:2097152	function_candidate	function_candidate:rom:1995-08---4-27039-----owerbook-190---190:-638E37DD:2097152:409F2CF0	unmapped_function_candidate	101 calls; 101 references; no confirmed SuperMario source overlay	high	needs_source_correlation
source_gap:function_candidate:rom:1994-09---5--10--1----uadra-660av---840a:6973886C:2097152:409F6452	409F6452	rom:1994-09---5--10--1----uadra-660av---840a:6973886C:2097152	function_candidate	function_candidate:rom:1994-09---5--10--1----uadra-660av---840a:6973886C:2097152:409F6452	unmapped_function_candidate	92 calls; 92 references; no confirmed SuperMario source overlay	high	needs_source_correlation
source_gap:function_candidate:rom:1995-08---4-27039-----owerbook-190---190:-638E37DD:2097152:409F6452	409F6452	rom:1995-08---4-27039-----owerbook-190---190:-638E37DD:2097152	function_candidate	function_candidate:rom:1995-08---4-27039-----owerbook-190---190:-638E37DD:2097152:409F6452	unmapped_function_candidate	92 calls; 92 references; no confirmed SuperMario source overlay	high	needs_source_correlation
source_gap:function_candidate:rom:1994-09---5--10--1----uadra-660av---840a:6973886C:2097152:409FEE90	409FEE90	rom:1994-09---5--10--1----uadra-660av---840a:6973886C:2097152	function_candidate	function_candidate:rom:1994-09---5--10--1----uadra-660av---840a:6973886C:2097152:409FEE90	unmapped_function_candidate	92 calls; 92 references; no confirmed SuperMario source overlay	high	needs_source_correlation
source_gap:function_candidate:rom:1994-09---5--10--1----uadra-660av---840a:6973886C:2097152:409E660A	409E660A	rom:1994-09---5--10--1----uadra-660av---840a:6973886C:2097152	function_candidate	function_candidate:rom:1994-09---5--10--1----uadra-660av---840a:6973886C:2097152:409E660A	unmapped_function_candidate	90 calls; 90 references; no confirmed SuperMario source overlay	high	needs_source_correlation
source_gap:function_candidate:rom:1994-09---5--10--1----uadra-660av---840a:6973886C:2097152:409F2D04	409F2D04	rom:1994-09---5--10--1----uadra-660av---840a:6973886C:2097152	function_candidate	function_candidate:rom:1994-09---5--10--1----uadra-660av---840a:6973886C:2097152:409F2D04	unmapped_function_candidate	90 calls; 90 references; no confirmed SuperMario source overlay	high	needs_source_correlation
source_gap:function_candidate:rom:1995-08---4-27039-----owerbook-190---190:-638E37DD:2097152:409F2D04	409F2D04	rom:1995-08---4-27039-----owerbook-190---190:-638E37DD:2097152	function_candidate	function_candidate:rom:1995-08---4-27039-----owerbook-190---190:-638E37DD:2097152:409F2D04	unmapped_function_candidate	90 calls; 90 references; no confirmed SuperMario source overlay	high	needs_source_correlation
source_gap:function_candidate:rom:1994-09---5--10--1----uadra-660av---840a:6973886C:2097152:40834154	40834154	rom:1994-09---5--10--1----uadra-660av---840a:6973886C:2097152	function_candidate	function_candidate:rom:1994-09---5--10--1----uadra-660av---840a:6973886C:2097152:40834154	unmapped_function_candidate	86 calls; 86 references; no confirmed SuperMario source overlay	high	needs_source_correlation
source_gap:function_candidate:rom:1994-09---5--10--1----uadra-660av---840a:6973886C:2097152:4086034A	4086034A	rom:1994-09---5--10--1----uadra-660av---840a:6973886C:2097152	function_candidate	function_candidate:rom:1994-09---5--10--1----uadra-660av---840a:6973886C:2097152:4086034A	unmapped_function_candidate	86 calls; 86 references; no confirmed SuperMario source overlay	high	needs_source_correlation
source_gap:function_candidate:rom:1995-08---4-27039-----owerbook-190---190:-638E37DD:2097152:4086034A	4086034A	rom:1995-08---4-27039-----owerbook-190---190:-638E37DD:2097152	function_candidate	function_candidate:rom:1995-08---4-27039-----owerbook-190---190:-638E37DD:2097152:4086034A	unmapped_function_candidate	86 calls; 86 references; no confirmed SuperMario source overlay	high	needs_source_correlation
source_gap:function_candidate:rom:1994-09---5--10--1----uadra-660av---840a:6973886C:2097152:409E9B60	409E9B60	rom:1994-09---5--10--1----uadra-660av---840a:6973886C:2097152	function_candidate	function_candidate:rom:1994-09---5--10--1----uadra-660av---840a:6973886C:2097152:409E9B60	unmapped_function_candidate	67 calls; 67 references; no confirmed SuperMario source overlay	high	needs_source_correlation
source_gap:function_candidate:rom:1995-08---4-27039-----owerbook-190---190:-638E37DD:2097152:409E9B60	409E9B60	rom:1995-08---4-27039-----owerbook-190---190:-638E37DD:2097152	function_candidate	function_candidate:rom:1995-08---4-27039-----owerbook-190---190:-638E37DD:2097152:409E9B60	unmapped_function_candidate	67 calls; 67 references; no confirmed SuperMario source overlay	high	needs_source_correlation
source_gap:function_candidate:rom:1994-09---5--10--1----uadra-660av---840a:6973886C:2097152:409AA7A0	409AA7A0	rom:1994-09---5--10--1----uadra-660av---840a:6973886C:2097152	function_candidate	function_candidate:rom:1994-09---5--10--1----uadra-660av---840a:6973886C:2097152:409AA7A0	unmapped_function_candidate	62 calls; 62 references; no confirmed SuperMario source overlay	high	needs_source_correlation
source_gap:function_candidate:rom:1994-09---5--10--1----uadra-660av---840a:6973886C:2097152:408BA800	408BA800	rom:1994-09---5--10--1----uadra-660av---840a:6973886C:2097152	function_candidate	function_candidate:rom:1994-09---5--10--1----uadra-660av---840a:6973886C:2097152:408BA800	unmapped_function_candidate	50 calls; 50 references; no confirmed SuperMario source overlay	high	needs_source_correlation
source_gap:function_candidate:rom:1995-08---4-27039-----owerbook-190---190:-638E37DD:2097152:408BA800	408BA800	rom:1995-08---4-27039-----owerbook-190---190:-638E37DD:2097152	function_candidate	function_candidate:rom:1995-08---4-27039-----owerbook-190---190:-638E37DD:2097152:408BA800	unmapped_function_candidate	50 calls; 50 references; no confirmed SuperMario source overlay	high	needs_source_correlation
source_gap:function_candidate:rom:1994-09---5--10--1----uadra-660av---840a:6973886C:2097152:40854388	40854388	rom:1994-09---5--10--1----uadra-660av---840a:6973886C:2097152	function_candidate	function_candidate:rom:1994-09---5--10--1----uadra-660av---840a:6973886C:2097152:40854388	unmapped_function_candidate	45 calls; 45 references; no confirmed SuperMario source overlay	high	needs_source_correlation
source_gap:function_candidate:rom:1995-08---4-27039-----owerbook-190---190:-638E37DD:2097152:40854388	40854388	rom:1995-08---4-27039-----owerbook-190---190:-638E37DD:2097152	function_candidate	function_candidate:rom:1995-08---4-27039-----owerbook-190---190:-638E37DD:2097152:40854388	unmapped_function_candidate	45 calls; 45 references; no confirmed SuperMario source overlay	high	needs_source_correlation
source_gap:function_candidate:rom:1994-09---5--10--1----uadra-660av---840a:6973886C:2097152:40828D48	40828D48	rom:1994-09---5--10--1----uadra-660av---840a:6973886C:2097152	function_candidate	function_candidate:rom:1994-09---5--10--1----uadra-660av---840a:6973886C:2097152:40828D48	unmapped_function_candidate	44 calls; 44 references; no confirmed SuperMario source overlay	high	needs_source_correlation
source_gap:function_candidate:rom:1994-09---5--10--1----uadra-660av---840a:6973886C:2097152:40941120	40941120	rom:1994-09---5--10--1----uadra-660av---840a:6973886C:2097152	function_candidate	function_candidate:rom:1994-09---5--10--1----uadra-660av---840a:6973886C:2097152:40941120	unmapped_function_candidate	44 calls; 44 references; no confirmed SuperMario source overlay	high	needs_source_correlation
source_gap:function_candidate:rom:1994-09---5--10--1----uadra-660av---840a:6973886C:2097152:409449E0	409449E0	rom:1994-09---5--10--1----uadra-660av---840a:6973886C:2097152	function_candidate	function_candidate:rom:1994-09---5--10--1----uadra-660av---840a:6973886C:2097152:409449E0	unmapped_function_candidate	43 calls; 43 references; no confirmed SuperMario source overlay	high	needs_source_correlation
source_gap:function_candidate:rom:1994-09---5--10--1----uadra-660av---840a:6973886C:2097152:408571DC	408571DC	rom:1994-09---5--10--1----uadra-660av---840a:6973886C:2097152	function_candidate	function_candidate:rom:1994-09---5--10--1----uadra-660av---840a:6973886C:2097152:408571DC	unmapped_function_candidate	36 calls; 36 references; no confirmed SuperMario source overlay	medium	needs_source_correlation
source_gap:function_candidate:rom:1995-08---4-27039-----owerbook-190---190:-638E37DD:2097152:408571DC	408571DC	rom:1995-08---4-27039-----owerbook-190---190:-638E37DD:2097152	function_candidate	function_candidate:rom:1995-08---4-27039-----owerbook-190---190:-638E37DD:2097152:408571DC	unmapped_function_candidate	36 calls; 36 references; no confirmed SuperMario source overlay	medium	needs_source_correlation
source_gap:function_candidate:rom:1994-09---5--10--1----uadra-660av---840a:6973886C:2097152:4085F6A0	4085F6A0	rom:1994-09---5--10--1----uadra-660av---840a:6973886C:2097152	function_candidate	function_candidate:rom:1994-09---5--10--1----uadra-660av---840a:6973886C:2097152:4085F6A0	unmapped_function_candidate	36 calls; 36 references; no confirmed SuperMario source overlay	medium	needs_source_correlation
source_gap:function_candidate:rom:1995-08---4-27039-----owerbook-190---190:-638E37DD:2097152:4085F6A0	4085F6A0	rom:1995-08---4-27039-----owerbook-190---190:-638E37DD:2097152	function_candidate	function_candidate:rom:1995-08---4-27039-----owerbook-190---190:-638E37DD:2097152:4085F6A0	unmapped_function_candidate	36 calls; 36 references; no confirmed SuperMario source overlay	medium	needs_source_correlation
source_gap:function_candidate:rom:1994-09---5--10--1----uadra-660av---840a:6973886C:2097152:40935542	40935542	rom:1994-09---5--10--1----uadra-660av---840a:6973886C:2097152	function_candidate	function_candidate:rom:1994-09---5--10--1----uadra-660av---840a:6973886C:2097152:40935542	unmapped_function_candidate	36 calls; 39 references; no confirmed SuperMario source overlay	medium	needs_source_correlation
source_gap:function_candidate:rom:1994-09---5--10--1----uadra-660av---840a:6973886C:2097152:409793F2	409793F2	rom:1994-09---5--10--1----uadra-660av---840a:6973886C:2097152	function_candidate	function_candidate:rom:1994-09---5--10--1----uadra-660av---840a:6973886C:2097152:409793F2	unmapped_function_candidate	36 calls; 39 references; no confirmed SuperMario source overlay	medium	needs_source_correlation
source_gap:function_candidate:rom:1995-08---4-27039-----owerbook-190---190:-638E37DD:2097152:409793F2	409793F2	rom:1995-08---4-27039-----owerbook-190---190:-638E37DD:2097152	function_candidate	function_candidate:rom:1995-08---4-27039-----owerbook-190---190:-638E37DD:2097152:409793F2	unmapped_function_candidate	36 calls; 39 references; no confirmed SuperMario source overlay	medium	needs_source_correlation
source_gap:function_candidate:rom:1994-09---5--10--1----uadra-660av---840a:6973886C:2097152:409E30BE	409E30BE	rom:1994-09---5--10--1----uadra-660av---840a:6973886C:2097152	function_candidate	function_candidate:rom:1994-09---5--10--1----uadra-660av---840a:6973886C:2097152:409E30BE	unmapped_function_candidate	36 calls; 36 references; no confirmed SuperMario source overlay	medium	needs_source_correlation
source_gap:function_candidate:rom:1995-08---4-27039-----owerbook-190---190:-638E37DD:2097152:409E30BE	409E30BE	rom:1995-08---4-27039-----owerbook-190---190:-638E37DD:2097152	function_candidate	function_candidate:rom:1995-08---4-27039-----owerbook-190---190:-638E37DD:2097152:409E30BE	unmapped_function_candidate	36 calls; 36 references; no confirmed SuperMario source overlay	medium	needs_source_correlation
source_gap:function_candidate:rom:1994-09---5--10--1----uadra-660av---840a:6973886C:2097152:40833560	40833560	rom:1994-09---5--10--1----uadra-660av---840a:6973886C:2097152	function_candidate	function_candidate:rom:1994-09---5--10--1----uadra-660av---840a:6973886C:2097152:40833560	unmapped_function_candidate	35 calls; 35 references; no confirmed SuperMario source overlay	medium	needs_source_correlation
source_gap:function_candidate:rom:1994-09---5--10--1----uadra-660av---840a:6973886C:2097152:409620F6	409620F6	rom:1994-09---5--10--1----uadra-660av---840a:6973886C:2097152	function_candidate	function_candidate:rom:1994-09---5--10--1----uadra-660av---840a:6973886C:2097152:409620F6	unmapped_function_candidate	35 calls; 37 references; no confirmed SuperMario source overlay	medium	needs_source_correlation
source_gap:function_candidate:rom:1994-09---5--10--1----uadra-660av---840a:6973886C:2097152:4097A8E4	4097A8E4	rom:1994-09---5--10--1----uadra-660av---840a:6973886C:2097152	function_candidate	function_candidate:rom:1994-09---5--10--1----uadra-660av---840a:6973886C:2097152:4097A8E4	unmapped_function_candidate	35 calls; 35 references; no confirmed SuperMario source overlay	medium	needs_source_correlation
source_gap:function_candidate:rom:1994-09---5--10--1----uadra-660av---840a:6973886C:2097152:4098DCAC	4098DCAC	rom:1994-09---5--10--1----uadra-660av---840a:6973886C:2097152	function_candidate	function_candidate:rom:1994-09---5--10--1----uadra-660av---840a:6973886C:2097152:4098DCAC	unmapped_function_candidate	35 calls; 37 references; no confirmed SuperMario source overlay	medium	needs_source_correlation
source_gap:function_candidate:rom:1995-08---4-27039-----owerbook-190---190:-638E37DD:2097152:4098DCAC	4098DCAC	rom:1995-08---4-27039-----owerbook-190---190:-638E37DD:2097152	function_candidate	function_candidate:rom:1995-08---4-27039-----owerbook-190---190:-638E37DD:2097152:4098DCAC	unmapped_function_candidate	35 calls; 37 references; no confirmed SuperMario source overlay	medium	needs_source_correlation
source_gap:function_candidate:rom:1994-09---5--10--1----uadra-660av---840a:6973886C:2097152:40822C0C	40822C0C	rom:1994-09---5--10--1----uadra-660av---840a:6973886C:2097152	function_candidate	function_candidate:rom:1994-09---5--10--1----uadra-660av---840a:6973886C:2097152:40822C0C	unmapped_function_candidate	33 calls; 33 references; no confirmed SuperMario source overlay	medium	needs_source_correlation
source_gap:function_candidate:rom:1994-09---5--10--1----uadra-660av---840a:6973886C:2097152:4082B91E	4082B91E	rom:1994-09---5--10--1----uadra-660av---840a:6973886C:2097152	function_candidate	function_candidate:rom:1994-09---5--10--1----uadra-660av---840a:6973886C:2097152:4082B91E	unmapped_function_candidate	33 calls; 33 references; no confirmed SuperMario source overlay	medium	needs_source_correlation
source_gap:function_candidate:rom:1994-09---5--10--1----uadra-660av---840a:6973886C:2097152:4092B3B6	4092B3B6	rom:1994-09---5--10--1----uadra-660av---840a:6973886C:2097152	function_candidate	function_candidate:rom:1994-09---5--10--1----uadra-660av---840a:6973886C:2097152:4092B3B6	unmapped_function_candidate	33 calls; 33 references; no confirmed SuperMario source overlay	medium	needs_source_correlation
source_gap:function_candidate:rom:1994-09---5--10--1----uadra-660av---840a:6973886C:2097152:40832412	40832412	rom:1994-09---5--10--1----uadra-660av---840a:6973886C:2097152	function_candidate	function_candidate:rom:1994-09---5--10--1----uadra-660av---840a:6973886C:2097152:40832412	unmapped_function_candidate	32 calls; 32 references; no confirmed SuperMario source overlay	medium	needs_source_correlation
source_gap:function_candidate:rom:1994-09---5--10--1----uadra-660av---840a:6973886C:2097152:408400A0	408400A0	rom:1994-09---5--10--1----uadra-660av---840a:6973886C:2097152	function_candidate	function_candidate:rom:1994-09---5--10--1----uadra-660av---840a:6973886C:2097152:408400A0	unmapped_function_candidate	32 calls; 32 references; no confirmed SuperMario source overlay	medium	needs_source_correlation
source_gap:function_candidate:rom:1994-09---5--10--1----uadra-660av---840a:6973886C:2097152:4085E2C0	4085E2C0	rom:1994-09---5--10--1----uadra-660av---840a:6973886C:2097152	function_candidate	function_candidate:rom:1994-09---5--10--1----uadra-660av---840a:6973886C:2097152:4085E2C0	unmapped_function_candidate	32 calls; 32 references; no confirmed SuperMario source overlay	medium	needs_source_correlation
source_gap:function_candidate:rom:1995-08---4-27039-----owerbook-190---190:-638E37DD:2097152:4085E2C0	4085E2C0	rom:1995-08---4-27039-----owerbook-190---190:-638E37DD:2097152	function_candidate	function_candidate:rom:1995-08---4-27039-----owerbook-190---190:-638E37DD:2097152:4085E2C0	unmapped_function_candidate	32 calls; 32 references; no confirmed SuperMario source overlay	medium	needs_source_correlation
source_gap:function_candidate:rom:1994-09---5--10--1----uadra-660av---840a:6973886C:2097152:4086CD44	4086CD44	rom:1994-09---5--10--1----uadra-660av---840a:6973886C:2097152	function_candidate	function_candidate:rom:1994-09---5--10--1----uadra-660av---840a:6973886C:2097152:4086CD44	unmapped_function_candidate	32 calls; 32 references; no confirmed SuperMario source overlay	medium	needs_source_correlation
source_gap:function_candidate:rom:1995-08---4-27039-----owerbook-190---190:-638E37DD:2097152:4086CD44	4086CD44	rom:1995-08---4-27039-----owerbook-190---190:-638E37DD:2097152	function_candidate	function_candidate:rom:1995-08---4-27039-----owerbook-190---190:-638E37DD:2097152:4086CD44	unmapped_function_candidate	32 calls; 32 references; no confirmed SuperMario source overlay	medium	needs_source_correlation
source_gap:function_candidate:rom:1994-09---5--10--1----uadra-660av---840a:6973886C:2097152:409F645E	409F645E	rom:1994-09---5--10--1----uadra-660av---840a:6973886C:2097152	function_candidate	function_candidate:rom:1994-09---5--10--1----uadra-660av---840a:6973886C:2097152:409F645E	unmapped_function_candidate	31 calls; 31 references; no confirmed SuperMario source overlay	medium	needs_source_correlation
source_gap:function_candidate:rom:1995-08---4-27039-----owerbook-190---190:-638E37DD:2097152:409F645E	409F645E	rom:1995-08---4-27039-----owerbook-190---190:-638E37DD:2097152	function_candidate	function_candidate:rom:1995-08---4-27039-----owerbook-190---190:-638E37DD:2097152:409F645E	unmapped_function_candidate	31 calls; 31 references; no confirmed SuperMario source overlay	medium	needs_source_correlation
source_gap:function_candidate:rom:1994-09---5--10--1----uadra-660av---840a:6973886C:2097152:409FEE9C	409FEE9C	rom:1994-09---5--10--1----uadra-660av---840a:6973886C:2097152	function_candidate	function_candidate:rom:1994-09---5--10--1----uadra-660av---840a:6973886C:2097152:409FEE9C	unmapped_function_candidate	31 calls; 31 references; no confirmed SuperMario source overlay	medium	needs_source_correlation
source_gap:function_candidate:rom:1994-09---5--10--1----uadra-660av---840a:6973886C:2097152:408A1C3A	408A1C3A	rom:1994-09---5--10--1----uadra-660av---840a:6973886C:2097152	function_candidate	function_candidate:rom:1994-09---5--10--1----uadra-660av---840a:6973886C:2097152:408A1C3A	unmapped_function_candidate	30 calls; 30 references; no confirmed SuperMario source overlay	medium	needs_source_correlation
source_gap:function_candidate:rom:1994-09---5--10--1----uadra-660av---840a:6973886C:2097152:4090C2AA	4090C2AA	rom:1994-09---5--10--1----uadra-660av---840a:6973886C:2097152	function_candidate	function_candidate:rom:1994-09---5--10--1----uadra-660av---840a:6973886C:2097152:4090C2AA	unmapped_function_candidate	30 calls; 30 references; no confirmed SuperMario source overlay	medium	needs_source_correlation
source_gap:function_candidate:rom:1995-08---4-27039-----owerbook-190---190:-638E37DD:2097152:4090C2AA	4090C2AA	rom:1995-08---4-27039-----owerbook-190---190:-638E37DD:2097152	function_candidate	function_candidate:rom:1995-08---4-27039-----owerbook-190---190:-638E37DD:2097152:4090C2AA	unmapped_function_candidate	30 calls; 30 references; no confirmed SuperMario source overlay	medium	needs_source_correlation
source_gap:function_candidate:rom:1994-09---5--10--1----uadra-660av---840a:6973886C:2097152:40944900	40944900	rom:1994-09---5--10--1----uadra-660av---840a:6973886C:2097152	function_candidate	function_candidate:rom:1994-09---5--10--1----uadra-660av---840a:6973886C:2097152:40944900	unmapped_function_candidate	30 calls; 30 references; no confirmed SuperMario source overlay	medium	needs_source_correlation
source_gap:function_candidate:rom:1994-09---5--10--1----uadra-660av---840a:6973886C:2097152:408BEE80	408BEE80	rom:1994-09---5--10--1----uadra-660av---840a:6973886C:2097152	function_candidate	function_candidate:rom:1994-09---5--10--1----uadra-660av---840a:6973886C:2097152:408BEE80	unmapped_function_candidate	29 calls; 29 references; no confirmed SuperMario source overlay	medium	needs_source_correlation
source_gap:function_candidate:rom:1995-08---4-27039-----owerbook-190---190:-638E37DD:2097152:408BEE80	408BEE80	rom:1995-08---4-27039-----owerbook-190---190:-638E37DD:2097152	function_candidate	function_candidate:rom:1995-08---4-27039-----owerbook-190---190:-638E37DD:2097152:408BEE80	unmapped_function_candidate	29 calls; 29 references; no confirmed SuperMario source overlay	medium	needs_source_correlation
source_gap:function_candidate:rom:1994-09---5--10--1----uadra-660av---840a:6973886C:2097152:409593D0	409593D0	rom:1994-09---5--10--1----uadra-660av---840a:6973886C:2097152	function_candidate	function_candidate:rom:1994-09---5--10--1----uadra-660av---840a:6973886C:2097152:409593D0	unmapped_function_candidate	29 calls; 29 references; no confirmed SuperMario source overlay	medium	needs_source_correlation
source_gap:function_candidate:rom:1994-09---5--10--1----uadra-660av---840a:6973886C:2097152:40896142	40896142	rom:1994-09---5--10--1----uadra-660av---840a:6973886C:2097152	function_candidate	function_candidate:rom:1994-09---5--10--1----uadra-660av---840a:6973886C:2097152:40896142	unmapped_function_candidate	28 calls; 29 references; no confirmed SuperMario source overlay	medium	needs_source_correlation
source_gap:function_candidate:rom:1994-09---5--10--1----uadra-660av---840a:6973886C:2097152:408BAB60	408BAB60	rom:1994-09---5--10--1----uadra-660av---840a:6973886C:2097152	function_candidate	function_candidate:rom:1994-09---5--10--1----uadra-660av---840a:6973886C:2097152:408BAB60	unmapped_function_candidate	28 calls; 28 references; no confirmed SuperMario source overlay	medium	needs_source_correlation
source_gap:function_candidate:rom:1995-08---4-27039-----owerbook-190---190:-638E37DD:2097152:408BAB60	408BAB60	rom:1995-08---4-27039-----owerbook-190---190:-638E37DD:2097152	function_candidate	function_candidate:rom:1995-08---4-27039-----owerbook-190---190:-638E37DD:2097152:408BAB60	unmapped_function_candidate	28 calls; 28 references; no confirmed SuperMario source overlay	medium	needs_source_correlation
source_gap:function_candidate:rom:1994-09---5--10--1----uadra-660av---840a:6973886C:2097152:408FF9B2	408FF9B2	rom:1994-09---5--10--1----uadra-660av---840a:6973886C:2097152	function_candidate	function_candidate:rom:1994-09---5--10--1----uadra-660av---840a:6973886C:2097152:408FF9B2	unmapped_function_candidate	28 calls; 29 references; no confirmed SuperMario source overlay	medium	needs_source_correlation
source_gap:function_candidate:rom:1995-08---4-27039-----owerbook-190---190:-638E37DD:2097152:408FF9B2	408FF9B2	rom:1995-08---4-27039-----owerbook-190---190:-638E37DD:2097152	function_candidate	function_candidate:rom:1995-08---4-27039-----owerbook-190---190:-638E37DD:2097152:408FF9B2	unmapped_function_candidate	28 calls; 29 references; no confirmed SuperMario source overlay	medium	needs_source_correlation
source_gap:function_candidate:rom:1994-09---5--10--1----uadra-660av---840a:6973886C:2097152:409B312C	409B312C	rom:1994-09---5--10--1----uadra-660av---840a:6973886C:2097152	function_candidate	function_candidate:rom:1994-09---5--10--1----uadra-660av---840a:6973886C:2097152:409B312C	unmapped_function_candidate	28 calls; 28 references; no confirmed SuperMario source overlay	medium	needs_source_correlation
source_gap:function_candidate:rom:1994-09---5--10--1----uadra-660av---840a:6973886C:2097152:40878EF0	40878EF0	rom:1994-09---5--10--1----uadra-660av---840a:6973886C:2097152	function_candidate	function_candidate:rom:1994-09---5--10--1----uadra-660av---840a:6973886C:2097152:40878EF0	unmapped_function_candidate	26 calls; 26 references; no confirmed SuperMario source overlay	medium	needs_source_correlation
source_gap:function_candidate:rom:1994-09---5--10--1----uadra-660av---840a:6973886C:2097152:408A6DEE	408A6DEE	rom:1994-09---5--10--1----uadra-660av---840a:6973886C:2097152	function_candidate	function_candidate:rom:1994-09---5--10--1----uadra-660av---840a:6973886C:2097152:408A6DEE	unmapped_function_candidate	26 calls; 29 references; no confirmed SuperMario source overlay	medium	needs_source_correlation
source_gap:function_candidate:rom:1995-08---4-27039-----owerbook-190---190:-638E37DD:2097152:408A6DEE	408A6DEE	rom:1995-08---4-27039-----owerbook-190---190:-638E37DD:2097152	function_candidate	function_candidate:rom:1995-08---4-27039-----owerbook-190---190:-638E37DD:2097152:408A6DEE	unmapped_function_candidate	26 calls; 29 references; no confirmed SuperMario source overlay	medium	needs_source_correlation
source_gap:function_candidate:rom:1994-09---5--10--1----uadra-660av---840a:6973886C:2097152:4085ABFE	4085ABFE	rom:1994-09---5--10--1----uadra-660av---840a:6973886C:2097152	function_candidate	function_candidate:rom:1994-09---5--10--1----uadra-660av---840a:6973886C:2097152:4085ABFE	unmapped_function_candidate	25 calls; 27 references; no confirmed SuperMario source overlay	medium	needs_source_correlation
source_gap:function_candidate:rom:1994-09---5--10--1----uadra-660av---840a:6973886C:2097152:40882F60	40882F60	rom:1994-09---5--10--1----uadra-660av---840a:6973886C:2097152	function_candidate	function_candidate:rom:1994-09---5--10--1----uadra-660av---840a:6973886C:2097152:40882F60	unmapped_function_candidate	25 calls; 25 references; no confirmed SuperMario source overlay	medium	needs_source_correlation
source_gap:function_candidate:rom:1995-08---4-27039-----owerbook-190---190:-638E37DD:2097152:40882F60	40882F60	rom:1995-08---4-27039-----owerbook-190---190:-638E37DD:2097152	function_candidate	function_candidate:rom:1995-08---4-27039-----owerbook-190---190:-638E37DD:2097152:40882F60	unmapped_function_candidate	25 calls; 25 references; no confirmed SuperMario source overlay	medium	needs_source_correlation
source_gap:function_candidate:rom:1994-09---5--10--1----uadra-660av---840a:6973886C:2097152:40883EE0	40883EE0	rom:1994-09---5--10--1----uadra-660av---840a:6973886C:2097152	function_candidate	function_candidate:rom:1994-09---5--10--1----uadra-660av---840a:6973886C:2097152:40883EE0	unmapped_function_candidate	25 calls; 25 references; no confirmed SuperMario source overlay	medium	needs_source_correlation
source_gap:function_candidate:rom:1995-08---4-27039-----owerbook-190---190:-638E37DD:2097152:40883EE0	40883EE0	rom:1995-08---4-27039-----owerbook-190---190:-638E37DD:2097152	function_candidate	function_candidate:rom:1995-08---4-27039-----owerbook-190---190:-638E37DD:2097152:40883EE0	unmapped_function_candidate	25 calls; 25 references; no confirmed SuperMario source overlay	medium	needs_source_correlation
source_gap:function_candidate:rom:1994-09---5--10--1----uadra-660av---840a:6973886C:2097152:40897620	40897620	rom:1994-09---5--10--1----uadra-660av---840a:6973886C:2097152	function_candidate	function_candidate:rom:1994-09---5--10--1----uadra-660av---840a:6973886C:2097152:40897620	unmapped_function_candidate	25 calls; 25 references; no confirmed SuperMario source overlay	medium	needs_source_correlation
source_gap:function_candidate:rom:1994-09---5--10--1----uadra-660av---840a:6973886C:2097152:40900FF0	40900FF0	rom:1994-09---5--10--1----uadra-660av---840a:6973886C:2097152	function_candidate	function_candidate:rom:1994-09---5--10--1----uadra-660av---840a:6973886C:2097152:40900FF0	unmapped_function_candidate	25 calls; 25 references; no confirmed SuperMario source overlay	medium	needs_source_correlation
source_gap:function_candidate:rom:1995-08---4-27039-----owerbook-190---190:-638E37DD:2097152:40900FF0	40900FF0	rom:1995-08---4-27039-----owerbook-190---190:-638E37DD:2097152	function_candidate	function_candidate:rom:1995-08---4-27039-----owerbook-190---190:-638E37DD:2097152:40900FF0	unmapped_function_candidate	25 calls; 25 references; no confirmed SuperMario source overlay	medium	needs_source_correlation
source_gap:function_candidate:rom:1994-09---5--10--1----uadra-660av---840a:6973886C:2097152:409297F6	409297F6	rom:1994-09---5--10--1----uadra-660av---840a:6973886C:2097152	function_candidate	function_candidate:rom:1994-09---5--10--1----uadra-660av---840a:6973886C:2097152:409297F6	unmapped_function_candidate	25 calls; 25 references; no confirmed SuperMario source overlay	medium	needs_source_correlation
source_gap:function_candidate:rom:1994-09---5--10--1----uadra-660av---840a:6973886C:2097152:40970CF6	40970CF6	rom:1994-09---5--10--1----uadra-660av---840a:6973886C:2097152	function_candidate	function_candidate:rom:1994-09---5--10--1----uadra-660av---840a:6973886C:2097152:40970CF6	unmapped_function_candidate	25 calls; 25 references; no confirmed SuperMario source overlay	medium	needs_source_correlation
